Flow ID,Src IP,Src Port,Dst IP,Dst Port,Protocol,Timestamp,Flow Duration,Total Fwd Packets,Total Backward Packets,Total Length of Fwd Packets,Total Length of Bwd Packets,Fwd Packet Length Max,Fwd Packet Length Min,Fwd Packet Length Mean,Fwd Packet Length Std,Bwd Packet Length Max,Bwd Packet Length Min,Bwd Packet Length Mean,Bwd Packet Length Std,Flow Bytes/s,Flow Packets/s,Flow IAT Mean,Flow IAT Std,Flow IAT Max,Flow IAT Min,Fwd IAT Total,Fwd IAT Mean,Fwd IAT Std,Fwd IAT Max,Fwd IAT Min,Bwd IAT Total,Bwd IAT Mean,Bwd IAT Std,Bwd IAT Max,Bwd IAT Min,Fwd PSH Flags,Bwd PSH Flags,Fwd URG Flags,Bwd URG Flags,Fwd Header Length,Bwd Header Length,Fwd Packets/s,Bwd Packets/s,Min Packet Length,Max Packet Length,Packet Length Mean,Packet Length Std,Packet Length Variance,FIN Flag Count,SYN Flag Count,RST Flag Count,PSH Flag Count,ACK Flag Count,URG Flag Count,CWE Flag Count,ECE Flag Count,Down/Up Ratio,Average Packet Size,Avg Fwd Segment Size,Avg Bwd Segment Size,Fwd Avg Bytes/Bulk,Fwd Avg Packets/Bulk,Fwd Avg Bulk Rate,Bwd Avg Bytes/Bulk,Bwd Avg Packets/Bulk,Bwd Avg Bulk Rate,Subflow Fwd Packets,Subflow Fwd Bytes,Subflow Bwd Packets,Subflow Bwd Bytes,Init_Win_bytes_forward,Init_Win_bytes_backward,act_data_pkt_fwd,min_seg_size_forward,Active Mean,Active Std,Active Max,Active Min,Idle Mean,Idle Std,Idle Max,Idle Min,Label
0.0,192.168.3.58,4047,74.125.204.138,443,6,2017-04-24 20:01:17,6000306.0,2,0,128.0,0.0,0.0,0.0,0.0,0.0,0.0,0.0,0.0,0.0,0.3333163342002891,21.332245388818503,3000153.0,36003672093636.0,0.0,0.0,0.0,0.0,0.0,0.0,0.0,0.0,0.0,0.0,0.0,0.0,0.0,0.0,0.0,0.0,0.0,0.0,0.0,0.0,0.0,0.0,64.0,8200.0,0.0,0,1,0.0,0.0,0,0.0,0.0,0.0,0.0,0.0,0.0,0.0,0.0,0.0,0.0,0.0,0.0,0.0,0.0,0.0,0.0,0.0,0.0,0.0,0.0,0.0,0.0,0.0,0.0,0.0,0.0,0.0,0.0,0.0,Proprietary
0.0,192.168.3.58,4048,74.125.204.138,443,6,2017-04-24 20:01:17,6001410.0,2,0,128.0,0.0,0.0,0.0,0.0,0.0,0.0,0.0,0.0,0.0,0.3332550184040084,21.328321177856537,3000705.0,36016921988100.0,0.0,0.0,0.0,0.0,0.0,0.0,0.0,0.0,0.0,0.0,0.0,0.0,0.0,0.0,0.0,0.0,0.0,0.0,0.0,0.0,0.0,0.0,64.0,8200.0,0.0,0,1,0.0,0.0,0,0.0,0.0,0.0,0.0,0.0,0.0,0.0,0.0,0.0,0.0,0.0,0.0,0.0,0.0,0.0,0.0,0.0,0.0,0.0,0.0,0.0,0.0,0.0,0.0,0.0,0.0,0.0,0.0,0.0,Proprietary
0.0,192.168.3.58,4049,74.125.204.138,443,6,2017-04-24 20:01:17,6000344.0,2,0,128.0,0.0,0.0,0.0,0.0,0.0,0.0,0.0,0.0,0.0,0.33331422331786315,21.33211029234324,3000172.0,36004128118336.0,0.0,0.0,0.0,0.0,0.0,0.0,0.0,0.0,0.0,0.0,0.0,0.0,0.0,0.0,0.0,0.0,0.0,0.0,0.0,0.0,0.0,0.0,64.0,8200.0,0.0,0,1,0.0,0.0,0,0.0,0.0,0.0,0.0,0.0,0.0,0.0,0.0,0.0,0.0,0.0,0.0,0.0,0.0,0.0,0.0,0.0,0.0,0.0,0.0,0.0,0.0,0.0,0.0,0.0,0.0,0.0,0.0,0.0,Proprietary
0.0,192.168.3.58,4050,74.125.204.138,443,6,2017-04-24 20:01:18,5999329.0,2,0,128.0,0.0,0.0,0.0,0.0,0.0,0.0,0.0,0.0,0.0,0.3333706152804755,21.335719377950433,2999664.5,35991948450241.0,0.0,0.0,0.0,0.0,0.0,0.0,0.0,0.0,0.0,0.0,0.0,0.0,0.0,0.0,0.0,0.0,0.0,0.0,0.0,0.0,0.0,0.0,64.0,8200.0,0.0,0,1,0.0,0.0,0,0.0,0.0,0.0,0.0,0.0,0.0,0.0,0.0,0.0,0.0,0.0,0.0,0.0,0.0,0.0,0.0,0.0,0.0,0.0,0.0,0.0,0.0,0.0,0.0,0.0,0.0,0.0,0.0,0.0,Proprietary
0.0,106.75.177.189,4500,192.168.3.80,4500,17,2017-04-24 20:01:18,253016593.0,2359,2954,1596920.0,880916.0,0.0,0.0,0.0,0.0,0.0,0.0,0.0,0.0,20.99862280573828,9793.175896570547,47622.170713344625,759593393430237.0,0.0,0.0,0.0,0.0,0.0,0.0,0.0,0.0,0.0,0.0,0.0,0.0,0.0,0.0,0.0,0.0,0.0,0.0,0.0,0.0,0.0,0.0,466.3722943722944,2421946752.0,0.0,0,0,0.0,0.0,0,0.0,0.0,0.0,0.0,0.0,0.0,0.0,0.0,0.0,0.0,0.0,0.0,0.0,0.0,0.0,0.0,0.0,0.0,0.0,0.0,0.0,0.0,0.0,0.0,0.0,0.0,0.0,0.0,0.0,Proprietary
0.0,192.168.3.80,0,0.0.0.0,0,0,2017-04-24 20:01:22,242673537.0,0,51,0.0,3060.0,0.0,0.0,0.0,0.0,0.0,0.0,0.0,0.0,0.21015888518573825,12.609533111144295,4758304.647058823,2755479930684853.0,0.0,0.0,0.0,0.0,0.0,0.0,0.0,0.0,0.0,0.0,0.0,0.0,0.0,0.0,0.0,0.0,0.0,0.0,0.0,0.0,0.0,0.0,60.0,183600.0,0.0,0,0,0.0,0.0,0,0.0,0.0,0.0,0.0,0.0,0.0,0.0,0.0,0.0,0.0,0.0,0.0,0.0,0.0,0.0,0.0,0.0,0.0,0.0,0.0,0.0,0.0,0.0,0.0,0.0,0.0,0.0,0.0,0.0,Proprietary
0.0,192.168.3.1,0,192.168.3.58,0,0,2017-04-24 20:01:22,249002670.0,15,15,900.0,630.0,0.0,0.0,0.0,0.0,0.0,0.0,0.0,0.0,0.12048063581004975,6.144512426312538,8300089.0,5786974992448296.0,0.0,0.0,0.0,0.0,0.0,0.0,0.0,0.0,0.0,0.0,0.0,0.0,0.0,0.0,0.0,0.0,0.0,0.0,0.0,0.0,0.0,0.0,51.0,80460.0,0.0,0,0,0.0,0.0,0,0.0,0.0,0.0,0.0,0.0,0.0,0.0,0.0,0.0,0.0,0.0,0.0,0.0,0.0,0.0,0.0,0.0,0.0,0.0,0.0,0.0,0.0,0.0,0.0,0.0,0.0,0.0,0.0,0.0,Proprietary
0.0,192.168.3.58,4035,111.221.29.254,443,6,2017-04-24 20:01:22,7164.0,2,1,108.0,60.0,0.0,0.0,0.0,0.0,0.0,0.0,0.0,0.0,418.7604690117253,23450.586264656617,2388.0,50866448.0,0.0,0.0,0.0,0.0,0.0,0.0,0.0,0.0,0.0,0.0,0.0,0.0,0.0,0.0,0.0,0.0,0.0,0.0,0.0,0.0,0.0,0.0,56.0,9432.0,0.0,0,0,0.0,0.0,1,0.0,0.0,0.0,0.0,0.0,0.0,0.0,0.0,0.0,0.0,0.0,0.0,0.0,0.0,0.0,0.0,0.0,0.0,0.0,0.0,0.0,0.0,0.0,0.0,0.0,0.0,0.0,0.0,0.0,Proprietary
0.0,192.168.3.58,4034,111.221.29.253,443,6,2017-04-24 20:01:22,10910.0,2,1,108.0,60.0,0.0,0.0,0.0,0.0,0.0,0.0,0.0,0.0,274.9770852428964,15398.7167736022,3636.6666666666665,118331908.0,0.0,0.0,0.0,0.0,0.0,0.0,0.0,0.0,0.0,0.0,0.0,0.0,0.0,0.0,0.0,0.0,0.0,0.0,0.0,0.0,0.0,0.0,56.0,9432.0,0.0,0,0,0.0,0.0,1,0.0,0.0,0.0,0.0,0.0,0.0,0.0,0.0,0.0,0.0,0.0,0.0,0.0,0.0,0.0,0.0,0.0,0.0,0.0,0.0,0.0,0.0,0.0,0.0,0.0,0.0,0.0,0.0,0.0,Proprietary
0.0,0.0.0.0,0,0.0.0.0,0,0,2017-04-24 20:01:27,239996805.0,9,0,4095.0,0.0,0.0,0.0,0.0,0.0,0.0,0.0,0.0,0.0,0.03750049922539594,17.06272714755515,26666311.666666668,7199808696216367.0,0.0,0.0,0.0,0.0,0.0,0.0,0.0,0.0,0.0,0.0,0.0,0.0,0.0,0.0,0.0,0.0,0.0,0.0,0.0,0.0,0.0,0.0,455.0,1863225.0,0.0,0,0,0.0,0.0,0,0.0,0.0,0.0,0.0,0.0,0.0,0.0,0.0,0.0,0.0,0.0,0.0,0.0,0.0,0.0,0.0,0.0,0.0,0.0,0.0,0.0,0.0,0.0,0.0,0.0,0.0,0.0,0.0,0.0,Proprietary
0.0,192.168.3.58,4023,114.112.68.216,80,6,2017-04-24 20:01:34,42653.0,2,1,108.0,60.0,0.0,0.0,0.0,0.0,0.0,0.0,0.0,0.0,70.33502918903712,3938.761634586078,14217.666666666666,1816721029.0,0.0,0.0,0.0,0.0,0.0,0.0,0.0,0.0,0.0,0.0,0.0,0.0,0.0,0.0,0.0,0.0,0.0,0.0,0.0,0.0,0.0,0.0,56.0,9432.0,0.0,0,0,0.0,0.0,1,0.0,0.0,0.0,0.0,0.0,0.0,0.0,0.0,0.0,0.0,0.0,0.0,0.0,0.0,0.0,0.0,0.0,0.0,0.0,0.0,0.0,0.0,0.0,0.0,0.0,0.0,0.0,0.0,0.0,Proprietary
0.0,0.0.0.0,0,0.0.0.0,0,0,2017-04-24 20:01:51,179997640.0,4,0,664.0,0.0,0.0,0.0,0.0,0.0,0.0,0.0,0.0,0.0,0.02222251358406699,3.6889372549551203,44999410.0,1.0799716801872838e+16,0.0,0.0,0.0,0.0,0.0,0.0,0.0,0.0,0.0,0.0,0.0,0.0,0.0,0.0,0.0,0.0,0.0,0.0,0.0,0.0,0.0,0.0,166.0,110224.0,0.0,0,0,0.0,0.0,0,0.0,0.0,0.0,0.0,0.0,0.0,0.0,0.0,0.0,0.0,0.0,0.0,0.0,0.0,0.0,0.0,0.0,0.0,0.0,0.0,0.0,0.0,0.0,0.0,0.0,0.0,0.0,0.0,0.0,Proprietary
0.0,192.168.3.1,0,192.168.3.80,0,0,2017-04-24 20:01:53,217400030.0,7,7,420.0,420.0,0.0,0.0,0.0,0.0,0.0,0.0,0.0,0.0,0.06439741521654804,3.8638449129928825,15528573.57142857,7964300219750834.0,0.0,0.0,0.0,0.0,0.0,0.0,0.0,0.0,0.0,0.0,0.0,0.0,0.0,0.0,0.0,0.0,0.0,0.0,0.0,0.0,0.0,0.0,60.0,50400.0,0.0,0,0,0.0,0.0,0,0.0,0.0,0.0,0.0,0.0,0.0,0.0,0.0,0.0,0.0,0.0,0.0,0.0,0.0,0.0,0.0,0.0,0.0,0.0,0.0,0.0,0.0,0.0,0.0,0.0,0.0,0.0,0.0,0.0,Proprietary
0.0,192.168.3.58,4054,74.125.204.139,443,6,2017-04-24 20:02:05,9001057.0,3,0,194.0,0.0,0.0,0.0,0.0,0.0,0.0,0.0,0.0,0.0,0.3332941897823778,21.553024272593763,3000352.3333333335,45008370631205.0,0.0,0.0,0.0,0.0,0.0,0.0,0.0,0.0,0.0,0.0,0.0,0.0,0.0,0.0,0.0,0.0,0.0,0.0,0.0,0.0,0.0,0.0,64.66666666666667,12556.0,0.0,0,1,0.0,0.0,0,0.0,0.0,0.0,0.0,0.0,0.0,0.0,0.0,0.0,0.0,0.0,0.0,0.0,0.0,0.0,0.0,0.0,0.0,0.0,0.0,0.0,0.0,0.0,0.0,0.0,0.0,0.0,0.0,0.0,Proprietary
0.0,192.168.3.58,4055,74.125.204.139,443,6,2017-04-24 20:02:05,9000864.0,3,0,194.0,0.0,0.0,0.0,0.0,0.0,0.0,0.0,0.0,0.0,0.33330133640503845,21.55348642085915,3000288.0,45006552456480.0,0.0,0.0,0.0,0.0,0.0,0.0,0.0,0.0,0.0,0.0,0.0,0.0,0.0,0.0,0.0,0.0,0.0,0.0,0.0,0.0,0.0,0.0,64.66666666666667,12556.0,0.0,0,1,0.0,0.0,0,0.0,0.0,0.0,0.0,0.0,0.0,0.0,0.0,0.0,0.0,0.0,0.0,0.0,0.0,0.0,0.0,0.0,0.0,0.0,0.0,0.0,0.0,0.0,0.0,0.0,0.0,0.0,0.0,0.0,Proprietary
0.0,192.168.3.58,4056,74.125.204.139,443,6,2017-04-24 20:02:05,9000684.0,3,0,194.0,0.0,0.0,0.0,0.0,0.0,0.0,0.0,0.0,0.0,0.333308001925187,21.553917457828764,3000228.0,45006210234090.0,0.0,0.0,0.0,0.0,0.0,0.0,0.0,0.0,0.0,0.0,0.0,0.0,0.0,0.0,0.0,0.0,0.0,0.0,0.0,0.0,0.0,0.0,64.66666666666667,12556.0,0.0,0,1,0.0,0.0,0,0.0,0.0,0.0,0.0,0.0,0.0,0.0,0.0,0.0,0.0,0.0,0.0,0.0,0.0,0.0,0.0,0.0,0.0,0.0,0.0,0.0,0.0,0.0,0.0,0.0,0.0,0.0,0.0,0.0,Proprietary
0.0,192.168.3.58,4057,74.125.204.139,443,6,2017-04-24 20:02:06,9001894.0,3,0,194.0,0.0,0.0,0.0,0.0,0.0,0.0,0.0,0.0,0.0,0.33326319994436726,21.551020263069084,3000631.3333333335,45017335798226.0,0.0,0.0,0.0,0.0,0.0,0.0,0.0,0.0,0.0,0.0,0.0,0.0,0.0,0.0,0.0,0.0,0.0,0.0,0.0,0.0,0.0,0.0,64.66666666666667,12556.0,0.0,0,1,0.0,0.0,0,0.0,0.0,0.0,0.0,0.0,0.0,0.0,0.0,0.0,0.0,0.0,0.0,0.0,0.0,0.0,0.0,0.0,0.0,0.0,0.0,0.0,0.0,0.0,0.0,0.0,0.0,0.0,0.0,0.0,Proprietary
0.0,192.168.3.58,4033,168.63.156.206,443,6,2017-04-24 20:02:10,11382.0,2,1,108.0,60.0,0.0,0.0,0.0,0.0,0.0,0.0,0.0,0.0,263.5740643120717,14760.147601476014,3794.0,128846162.0,0.0,0.0,0.0,0.0,0.0,0.0,0.0,0.0,0.0,0.0,0.0,0.0,0.0,0.0,0.0,0.0,0.0,0.0,0.0,0.0,0.0,0.0,56.0,9432.0,0.0,0,0,0.0,0.0,1,0.0,0.0,0.0,0.0,0.0,0.0,0.0,0.0,0.0,0.0,0.0,0.0,0.0,0.0,0.0,0.0,0.0,0.0,0.0,0.0,0.0,0.0,0.0,0.0,0.0,0.0,0.0,0.0,0.0,Proprietary
0.0,192.168.3.58,4032,23.211.98.45,80,6,2017-04-24 20:02:10,676645.0,2,1,108.0,60.0,0.0,0.0,0.0,0.0,0.0,0.0,0.0,0.0,4.433639500772192,248.2838120432428,225548.33333333334,457809212297.0,0.0,0.0,0.0,0.0,0.0,0.0,0.0,0.0,0.0,0.0,0.0,0.0,0.0,0.0,0.0,0.0,0.0,0.0,0.0,0.0,0.0,0.0,56.0,9432.0,0.0,0,0,0.0,0.0,1,0.0,0.0,0.0,0.0,0.0,0.0,0.0,0.0,0.0,0.0,0.0,0.0,0.0,0.0,0.0,0.0,0.0,0.0,0.0,0.0,0.0,0.0,0.0,0.0,0.0,0.0,0.0,0.0,0.0,Proprietary
0.0,192.168.3.58,4058,74.125.204.113,443,6,2017-04-24 20:02:26,9001359.0,3,0,194.0,0.0,0.0,0.0,0.0,0.0,0.0,0.0,0.0,0.0,0.33328300759918583,21.552301158080684,3000453.0,45013314988601.0,0.0,0.0,0.0,0.0,0.0,0.0,0.0,0.0,0.0,0.0,0.0,0.0,0.0,0.0,0.0,0.0,0.0,0.0,0.0,0.0,0.0,0.0,64.66666666666667,12556.0,0.0,0,1,0.0,0.0,0,0.0,0.0,0.0,0.0,0.0,0.0,0.0,0.0,0.0,0.0,0.0,0.0,0.0,0.0,0.0,0.0,0.0,0.0,0.0,0.0,0.0,0.0,0.0,0.0,0.0,0.0,0.0,0.0,0.0,Proprietary
0.0,192.168.3.58,4059,74.125.204.113,443,6,2017-04-24 20:02:26,9001571.0,3,0,194.0,0.0,0.0,0.0,0.0,0.0,0.0,0.0,0.0,0.0,0.3332751583029229,21.551793570255683,3000523.6666666665,45014293235321.0,0.0,0.0,0.0,0.0,0.0,0.0,0.0,0.0,0.0,0.0,0.0,0.0,0.0,0.0,0.0,0.0,0.0,0.0,0.0,0.0,0.0,0.0,64.66666666666667,12556.0,0.0,0,1,0.0,0.0,0,0.0,0.0,0.0,0.0,0.0,0.0,0.0,0.0,0.0,0.0,0.0,0.0,0.0,0.0,0.0,0.0,0.0,0.0,0.0,0.0,0.0,0.0,0.0,0.0,0.0,0.0,0.0,0.0,0.0,Proprietary
0.0,192.168.3.58,4060,74.125.204.113,443,6,2017-04-24 20:02:26,9001472.0,3,0,194.0,0.0,0.0,0.0,0.0,0.0,0.0,0.0,0.0,0.0,0.33327882373016327,21.552030601217222,3000490.6666666665,45013753097504.0,0.0,0.0,0.0,0.0,0.0,0.0,0.0,0.0,0.0,0.0,0.0,0.0,0.0,0.0,0.0,0.0,0.0,0.0,0.0,0.0,0.0,0.0,64.66666666666667,12556.0,0.0,0,1,0.0,0.0,0,0.0,0.0,0.0,0.0,0.0,0.0,0.0,0.0,0.0,0.0,0.0,0.0,0.0,0.0,0.0,0.0,0.0,0.0,0.0,0.0,0.0,0.0,0.0,0.0,0.0,0.0,0.0,0.0,0.0,Proprietary
0.0,192.168.3.58,4061,74.125.204.113,443,6,2017-04-24 20:02:27,9001492.0,3,0,194.0,0.0,0.0,0.0,0.0,0.0,0.0,0.0,0.0,0.0,0.33327808323331287,21.55198271575423,3000497.3333333335,45008702354920.0,0.0,0.0,0.0,0.0,0.0,0.0,0.0,0.0,0.0,0.0,0.0,0.0,0.0,0.0,0.0,0.0,0.0,0.0,0.0,0.0,0.0,0.0,64.66666666666667,12556.0,0.0,0,1,0.0,0.0,0,0.0,0.0,0.0,0.0,0.0,0.0,0.0,0.0,0.0,0.0,0.0,0.0,0.0,0.0,0.0,0.0,0.0,0.0,0.0,0.0,0.0,0.0,0.0,0.0,0.0,0.0,0.0,0.0,0.0,Proprietary
0.0,192.168.3.58,53674,202.96.134.33,53,17,2017-04-24 20:02:46,6505.0,1,1,81.0,320.0,0.0,0.0,0.0,0.0,0.0,0.0,0.0,0.0,307.45580322828596,61644.88854727133,3252.5,42315025.0,0.0,0.0,0.0,0.0,0.0,0.0,0.0,0.0,0.0,0.0,0.0,0.0,0.0,0.0,0.0,0.0,0.0,0.0,0.0,0.0,0.0,0.0,200.5,108961.0,0.0,0,0,0.0,0.0,0,0.0,0.0,0.0,0.0,0.0,0.0,0.0,0.0,0.0,0.0,0.0,0.0,0.0,0.0,0.0,0.0,0.0,0.0,0.0,0.0,0.0,0.0,0.0,0.0,0.0,0.0,0.0,0.0,0.0,Proprietary
0.0,192.168.3.58,4062,121.14.117.131,80,6,2017-04-24 20:02:46,21266.0,5,4,352.0,567.0,0.0,0.0,0.0,0.0,0.0,0.0,0.0,0.0,423.21075895796105,43214.52083137402,2362.8888888888887,128792920.0,0.0,0.0,0.0,0.0,0.0,0.0,0.0,0.0,0.0,0.0,0.0,0.0,0.0,0.0,0.0,0.0,0.0,0.0,0.0,0.0,0.0,0.0,102.11111111111111,185197.0,0.0,0,0,0.0,0.0,1,0.0,0.0,0.0,0.0,0.0,0.0,0.0,0.0,0.0,0.0,0.0,0.0,0.0,0.0,0.0,0.0,0.0,0.0,0.0,0.0,0.0,0.0,0.0,0.0,0.0,0.0,0.0,0.0,0.0,Proprietary
0.0,192.168.3.58,4063,121.14.117.131,80,6,2017-04-24 20:02:46,21087.0,5,4,354.0,816.0,0.0,0.0,0.0,0.0,0.0,0.0,0.0,0.0,426.8032437046522,55484.42168160478,2343.0,123312675.0,0.0,0.0,0.0,0.0,0.0,0.0,0.0,0.0,0.0,0.0,0.0,0.0,0.0,0.0,0.0,0.0,0.0,0.0,0.0,0.0,0.0,0.0,130.0,437436.0,0.0,0,0,0.0,0.0,1,0.0,0.0,0.0,0.0,0.0,0.0,0.0,0.0,0.0,0.0,0.0,0.0,0.0,0.0,0.0,0.0,0.0,0.0,0.0,0.0,0.0,0.0,0.0,0.0,0.0,0.0,0.0,0.0,0.0,Proprietary
0.0,192.168.3.58,4064,74.125.204.100,443,6,2017-04-24 20:02:47,9002326.0,3,0,194.0,0.0,0.0,0.0,0.0,0.0,0.0,0.0,0.0,0.0,0.3332472074439428,21.54998608137497,3000775.3333333335,45020240732050.0,0.0,0.0,0.0,0.0,0.0,0.0,0.0,0.0,0.0,0.0,0.0,0.0,0.0,0.0,0.0,0.0,0.0,0.0,0.0,0.0,0.0,0.0,64.66666666666667,12556.0,0.0,0,1,0.0,0.0,0,0.0,0.0,0.0,0.0,0.0,0.0,0.0,0.0,0.0,0.0,0.0,0.0,0.0,0.0,0.0,0.0,0.0,0.0,0.0,0.0,0.0,0.0,0.0,0.0,0.0,0.0,0.0,0.0,0.0,Proprietary
0.0,192.168.3.58,4065,74.125.204.100,443,6,2017-04-24 20:02:47,9000200.0,3,0,194.0,0.0,0.0,0.0,0.0,0.0,0.0,0.0,0.0,0.0,0.33332592609053135,21.55507655385436,3000066.6666666665,45001500025000.0,0.0,0.0,0.0,0.0,0.0,0.0,0.0,0.0,0.0,0.0,0.0,0.0,0.0,0.0,0.0,0.0,0.0,0.0,0.0,0.0,0.0,0.0,64.66666666666667,12556.0,0.0,0,1,0.0,0.0,0,0.0,0.0,0.0,0.0,0.0,0.0,0.0,0.0,0.0,0.0,0.0,0.0,0.0,0.0,0.0,0.0,0.0,0.0,0.0,0.0,0.0,0.0,0.0,0.0,0.0,0.0,0.0,0.0,0.0,Proprietary
0.0,192.168.3.58,4066,74.125.204.100,443,6,2017-04-24 20:02:47,9000206.0,3,0,194.0,0.0,0.0,0.0,0.0,0.0,0.0,0.0,0.0,0.0,0.3333257038783335,21.55506218413223,3000068.6666666665,45001272040036.0,0.0,0.0,0.0,0.0,0.0,0.0,0.0,0.0,0.0,0.0,0.0,0.0,0.0,0.0,0.0,0.0,0.0,0.0,0.0,0.0,0.0,0.0,64.66666666666667,12556.0,0.0,0,1,0.0,0.0,0,0.0,0.0,0.0,0.0,0.0,0.0,0.0,0.0,0.0,0.0,0.0,0.0,0.0,0.0,0.0,0.0,0.0,0.0,0.0,0.0,0.0,0.0,0.0,0.0,0.0,0.0,0.0,0.0,0.0,Proprietary
0.0,192.168.3.58,4067,74.125.204.100,443,6,2017-04-24 20:02:48,9001767.0,3,0,194.0,0.0,0.0,0.0,0.0,0.0,0.0,0.0,0.0,0.0,0.33326790173529264,21.551324312215588,3000589.0,45017593719629.0,0.0,0.0,0.0,0.0,0.0,0.0,0.0,0.0,0.0,0.0,0.0,0.0,0.0,0.0,0.0,0.0,0.0,0.0,0.0,0.0,0.0,0.0,64.66666666666667,12556.0,0.0,0,1,0.0,0.0,0,0.0,0.0,0.0,0.0,0.0,0.0,0.0,0.0,0.0,0.0,0.0,0.0,0.0,0.0,0.0,0.0,0.0,0.0,0.0,0.0,0.0,0.0,0.0,0.0,0.0,0.0,0.0,0.0,0.0,Proprietary
0.0,192.168.3.58,55736,202.96.134.33,53,17,2017-04-24 20:02:58,6935.0,1,1,79.0,227.0,0.0,0.0,0.0,0.0,0.0,0.0,0.0,0.0,288.39221341023796,44124.0086517664,3467.5,48094225.0,0.0,0.0,0.0,0.0,0.0,0.0,0.0,0.0,0.0,0.0,0.0,0.0,0.0,0.0,0.0,0.0,0.0,0.0,0.0,0.0,0.0,0.0,153.0,57770.0,0.0,0,0,0.0,0.0,0,0.0,0.0,0.0,0.0,0.0,0.0,0.0,0.0,0.0,0.0,0.0,0.0,0.0,0.0,0.0,0.0,0.0,0.0,0.0,0.0,0.0,0.0,0.0,0.0,0.0,0.0,0.0,0.0,0.0,Proprietary
0.0,192.168.3.58,4068,74.125.204.113,443,6,2017-04-24 20:02:58,9000887.0,3,0,194.0,0.0,0.0,0.0,0.0,0.0,0.0,0.0,0.0,0.0,0.3333004847188949,21.553431345155207,3000295.6666666665,45005154838009.0,0.0,0.0,0.0,0.0,0.0,0.0,0.0,0.0,0.0,0.0,0.0,0.0,0.0,0.0,0.0,0.0,0.0,0.0,0.0,0.0,0.0,0.0,64.66666666666667,12556.0,0.0,0,1,0.0,0.0,0,0.0,0.0,0.0,0.0,0.0,0.0,0.0,0.0,0.0,0.0,0.0,0.0,0.0,0.0,0.0,0.0,0.0,0.0,0.0,0.0,0.0,0.0,0.0,0.0,0.0,0.0,0.0,0.0,0.0,Proprietary
0.0,192.168.3.58,4069,74.125.204.113,443,6,2017-04-24 20:02:58,9000640.0,3,0,194.0,0.0,0.0,0.0,0.0,0.0,0.0,0.0,0.0,0.0,0.3333096313151065,21.554022825043553,3000213.3333333335,45003228560968.0,0.0,0.0,0.0,0.0,0.0,0.0,0.0,0.0,0.0,0.0,0.0,0.0,0.0,0.0,0.0,0.0,0.0,0.0,0.0,0.0,0.0,0.0,64.66666666666667,12556.0,0.0,0,1,0.0,0.0,0,0.0,0.0,0.0,0.0,0.0,0.0,0.0,0.0,0.0,0.0,0.0,0.0,0.0,0.0,0.0,0.0,0.0,0.0,0.0,0.0,0.0,0.0,0.0,0.0,0.0,0.0,0.0,0.0,0.0,Proprietary
0.0,192.168.3.58,3930,111.221.29.67,443,6,2017-04-24 20:03:00,61604.0,2,1,225.0,187.0,0.0,0.0,0.0,0.0,0.0,0.0,0.0,0.0,48.698136484643854,6687.877410557756,20534.666666666668,2697206440.0,0.0,0.0,0.0,0.0,0.0,0.0,0.0,0.0,0.0,0.0,0.0,0.0,0.0,0.0,0.0,0.0,0.0,0.0,0.0,0.0,0.0,0.0,137.33333333333334,67126.0,0.0,0,0,0.0,0.0,1,0.0,0.0,0.0,0.0,0.0,0.0,0.0,0.0,0.0,0.0,0.0,0.0,0.0,0.0,0.0,0.0,0.0,0.0,0.0,0.0,0.0,0.0,0.0,0.0,0.0,0.0,0.0,0.0,0.0,Proprietary
0.0,192.168.3.58,4070,74.125.204.101,443,6,2017-04-24 20:03:08,9000544.0,3,0,194.0,0.0,0.0,0.0,0.0,0.0,0.0,0.0,0.0,0.0,0.3333131864029552,21.55425272072444,3000181.3333333335,45005358159826.0,0.0,0.0,0.0,0.0,0.0,0.0,0.0,0.0,0.0,0.0,0.0,0.0,0.0,0.0,0.0,0.0,0.0,0.0,0.0,0.0,0.0,0.0,64.66666666666667,12556.0,0.0,0,1,0.0,0.0,0,0.0,0.0,0.0,0.0,0.0,0.0,0.0,0.0,0.0,0.0,0.0,0.0,0.0,0.0,0.0,0.0,0.0,0.0,0.0,0.0,0.0,0.0,0.0,0.0,0.0,0.0,0.0,0.0,0.0,Proprietary
0.0,192.168.3.58,4071,74.125.204.101,443,6,2017-04-24 20:03:08,9000618.0,3,0,194.0,0.0,0.0,0.0,0.0,0.0,0.0,0.0,0.0,0.0,0.33331044601604026,21.55407550903727,3000206.0,45005610191090.0,0.0,0.0,0.0,0.0,0.0,0.0,0.0,0.0,0.0,0.0,0.0,0.0,0.0,0.0,0.0,0.0,0.0,0.0,0.0,0.0,0.0,0.0,64.66666666666667,12556.0,0.0,0,1,0.0,0.0,0,0.0,0.0,0.0,0.0,0.0,0.0,0.0,0.0,0.0,0.0,0.0,0.0,0.0,0.0,0.0,0.0,0.0,0.0,0.0,0.0,0.0,0.0,0.0,0.0,0.0,0.0,0.0,0.0,0.0,Proprietary
0.0,192.168.3.58,4072,74.125.204.101,443,6,2017-04-24 20:03:08,9005563.0,3,0,194.0,0.0,0.0,0.0,0.0,0.0,0.0,0.0,0.0,0.0,0.33312742357140807,21.54224005761772,3001854.3333333335,45035056038569.0,0.0,0.0,0.0,0.0,0.0,0.0,0.0,0.0,0.0,0.0,0.0,0.0,0.0,0.0,0.0,0.0,0.0,0.0,0.0,0.0,0.0,0.0,64.66666666666667,12556.0,0.0,0,1,0.0,0.0,0,0.0,0.0,0.0,0.0,0.0,0.0,0.0,0.0,0.0,0.0,0.0,0.0,0.0,0.0,0.0,0.0,0.0,0.0,0.0,0.0,0.0,0.0,0.0,0.0,0.0,0.0,0.0,0.0,0.0,Proprietary
0.0,192.168.3.58,4073,74.125.204.101,443,6,2017-04-24 20:03:09,9006007.0,3,0,194.0,0.0,0.0,0.0,0.0,0.0,0.0,0.0,0.0,0.0,0.33311100024683526,21.541178015962014,3002002.3333333335,45039066587065.0,0.0,0.0,0.0,0.0,0.0,0.0,0.0,0.0,0.0,0.0,0.0,0.0,0.0,0.0,0.0,0.0,0.0,0.0,0.0,0.0,0.0,0.0,64.66666666666667,12556.0,0.0,0,1,0.0,0.0,0,0.0,0.0,0.0,0.0,0.0,0.0,0.0,0.0,0.0,0.0,0.0,0.0,0.0,0.0,0.0,0.0,0.0,0.0,0.0,0.0,0.0,0.0,0.0,0.0,0.0,0.0,0.0,0.0,0.0,Proprietary
0.0,192.168.3.58,4074,74.125.204.101,443,6,2017-04-24 20:03:19,8999894.0,3,0,194.0,0.0,0.0,0.0,0.0,0.0,0.0,0.0,0.0,0.0,0.33333725930549846,21.5558094350889,2999964.6666666665,44999976053668.0,0.0,0.0,0.0,0.0,0.0,0.0,0.0,0.0,0.0,0.0,0.0,0.0,0.0,0.0,0.0,0.0,0.0,0.0,0.0,0.0,0.0,0.0,64.66666666666667,12556.0,0.0,0,1,0.0,0.0,0,0.0,0.0,0.0,0.0,0.0,0.0,0.0,0.0,0.0,0.0,0.0,0.0,0.0,0.0,0.0,0.0,0.0,0.0,0.0,0.0,0.0,0.0,0.0,0.0,0.0,0.0,0.0,0.0,0.0,Proprietary
0.0,192.168.3.58,4075,74.125.204.101,443,6,2017-04-24 20:03:19,9001700.0,3,0,194.0,0.0,0.0,0.0,0.0,0.0,0.0,0.0,0.0,0.0,0.33327038226112843,21.551484719552974,3000566.6666666665,45019136261642.0,0.0,0.0,0.0,0.0,0.0,0.0,0.0,0.0,0.0,0.0,0.0,0.0,0.0,0.0,0.0,0.0,0.0,0.0,0.0,0.0,0.0,0.0,64.66666666666667,12556.0,0.0,0,1,0.0,0.0,0,0.0,0.0,0.0,0.0,0.0,0.0,0.0,0.0,0.0,0.0,0.0,0.0,0.0,0.0,0.0,0.0,0.0,0.0,0.0,0.0,0.0,0.0,0.0,0.0,0.0,0.0,0.0,0.0,0.0,Proprietary
0.0,192.168.3.58,4076,74.125.204.102,443,6,2017-04-24 20:03:29,8999942.0,3,0,194.0,0.0,0.0,0.0,0.0,0.0,0.0,0.0,0.0,0.0,0.33333548149532516,21.55569447003103,2999980.6666666665,44997534211634.0,0.0,0.0,0.0,0.0,0.0,0.0,0.0,0.0,0.0,0.0,0.0,0.0,0.0,0.0,0.0,0.0,0.0,0.0,0.0,0.0,0.0,0.0,64.66666666666667,12556.0,0.0,0,1,0.0,0.0,0,0.0,0.0,0.0,0.0,0.0,0.0,0.0,0.0,0.0,0.0,0.0,0.0,0.0,0.0,0.0,0.0,0.0,0.0,0.0,0.0,0.0,0.0,0.0,0.0,0.0,0.0,0.0,0.0,0.0,Proprietary
0.0,192.168.3.58,4077,74.125.204.102,443,6,2017-04-24 20:03:29,8999981.0,3,0,194.0,0.0,0.0,0.0,0.0,0.0,0.0,0.0,0.0,0.0,0.33333403703852266,21.555601061824465,2999993.6666666665,44997690254365.0,0.0,0.0,0.0,0.0,0.0,0.0,0.0,0.0,0.0,0.0,0.0,0.0,0.0,0.0,0.0,0.0,0.0,0.0,0.0,0.0,0.0,0.0,64.66666666666667,12556.0,0.0,0,1,0.0,0.0,0,0.0,0.0,0.0,0.0,0.0,0.0,0.0,0.0,0.0,0.0,0.0,0.0,0.0,0.0,0.0,0.0,0.0,0.0,0.0,0.0,0.0,0.0,0.0,0.0,0.0,0.0,0.0,0.0,0.0,Proprietary
0.0,192.168.3.58,4078,74.125.204.102,443,6,2017-04-24 20:03:30,9000974.0,3,0,194.0,0.0,0.0,0.0,0.0,0.0,0.0,0.0,0.0,0.0,0.3332972631628533,21.55322301786451,3000324.6666666665,45008382482530.0,0.0,0.0,0.0,0.0,0.0,0.0,0.0,0.0,0.0,0.0,0.0,0.0,0.0,0.0,0.0,0.0,0.0,0.0,0.0,0.0,0.0,0.0,64.66666666666667,12556.0,0.0,0,1,0.0,0.0,0,0.0,0.0,0.0,0.0,0.0,0.0,0.0,0.0,0.0,0.0,0.0,0.0,0.0,0.0,0.0,0.0,0.0,0.0,0.0,0.0,0.0,0.0,0.0,0.0,0.0,0.0,0.0,0.0,0.0,Proprietary
0.0,192.168.3.58,4079,74.125.204.102,443,6,2017-04-24 20:03:30,9000596.0,3,0,194.0,0.0,0.0,0.0,0.0,0.0,0.0,0.0,0.0,0.0,0.3333112607209567,21.55412819328853,3000198.6666666665,45006342230746.0,0.0,0.0,0.0,0.0,0.0,0.0,0.0,0.0,0.0,0.0,0.0,0.0,0.0,0.0,0.0,0.0,0.0,0.0,0.0,0.0,0.0,0.0,64.66666666666667,12556.0,0.0,0,1,0.0,0.0,0,0.0,0.0,0.0,0.0,0.0,0.0,0.0,0.0,0.0,0.0,0.0,0.0,0.0,0.0,0.0,0.0,0.0,0.0,0.0,0.0,0.0,0.0,0.0,0.0,0.0,0.0,0.0,0.0,0.0,Proprietary
0.0,192.168.3.58,60166,202.96.134.33,53,17,2017-04-24 20:03:39,6894.0,1,1,76.0,92.0,0.0,0.0,0.0,0.0,0.0,0.0,0.0,0.0,290.1073397156948,24369.016536118364,3447.0,47527236.0,0.0,0.0,0.0,0.0,0.0,0.0,0.0,0.0,0.0,0.0,0.0,0.0,0.0,0.0,0.0,0.0,0.0,0.0,0.0,0.0,0.0,0.0,84.0,14240.0,0.0,0,0,0.0,0.0,0,0.0,0.0,0.0,0.0,0.0,0.0,0.0,0.0,0.0,0.0,0.0,0.0,0.0,0.0,0.0,0.0,0.0,0.0,0.0,0.0,0.0,0.0,0.0,0.0,0.0,0.0,0.0,0.0,0.0,Proprietary
0.0,192.168.3.58,4080,74.125.204.139,443,6,2017-04-24 20:03:40,9001930.0,3,0,194.0,0.0,0.0,0.0,0.0,0.0,0.0,0.0,0.0,0.0,0.333261867177372,21.550934077470053,3000643.3333333335,45018379918898.0,0.0,0.0,0.0,0.0,0.0,0.0,0.0,0.0,0.0,0.0,0.0,0.0,0.0,0.0,0.0,0.0,0.0,0.0,0.0,0.0,0.0,0.0,64.66666666666667,12556.0,0.0,0,1,0.0,0.0,0,0.0,0.0,0.0,0.0,0.0,0.0,0.0,0.0,0.0,0.0,0.0,0.0,0.0,0.0,0.0,0.0,0.0,0.0,0.0,0.0,0.0,0.0,0.0,0.0,0.0,0.0,0.0,0.0,0.0,Proprietary
0.0,192.168.3.58,4081,74.125.204.139,443,6,2017-04-24 20:03:40,9002319.0,3,0,194.0,0.0,0.0,0.0,0.0,0.0,0.0,0.0,0.0,0.0,0.3332474665694473,21.550002838157592,3000773.0,45020744689805.0,0.0,0.0,0.0,0.0,0.0,0.0,0.0,0.0,0.0,0.0,0.0,0.0,0.0,0.0,0.0,0.0,0.0,0.0,0.0,0.0,0.0,0.0,64.66666666666667,12556.0,0.0,0,1,0.0,0.0,0,0.0,0.0,0.0,0.0,0.0,0.0,0.0,0.0,0.0,0.0,0.0,0.0,0.0,0.0,0.0,0.0,0.0,0.0,0.0,0.0,0.0,0.0,0.0,0.0,0.0,0.0,0.0,0.0,0.0,Proprietary
0.0,192.168.3.58,4082,74.125.204.138,443,6,2017-04-24 20:03:50,9000007.0,3,0,194.0,0.0,0.0,0.0,0.0,0.0,0.0,0.0,0.0,0.0,0.3333330740742757,21.555538790136495,3000002.3333333335,45001140064465.0,0.0,0.0,0.0,0.0,0.0,0.0,0.0,0.0,0.0,0.0,0.0,0.0,0.0,0.0,0.0,0.0,0.0,0.0,0.0,0.0,0.0,0.0,64.66666666666667,12556.0,0.0,0,1,0.0,0.0,0,0.0,0.0,0.0,0.0,0.0,0.0,0.0,0.0,0.0,0.0,0.0,0.0,0.0,0.0,0.0,0.0,0.0,0.0,0.0,0.0,0.0,0.0,0.0,0.0,0.0,0.0,0.0,0.0,0.0,Proprietary
0.0,192.168.3.58,4083,74.125.204.138,443,6,2017-04-24 20:03:50,8999975.0,3,0,194.0,0.0,0.0,0.0,0.0,0.0,0.0,0.0,0.0,0.0,0.3333342592618313,21.55561543226509,2999991.6666666665,45000288014933.0,0.0,0.0,0.0,0.0,0.0,0.0,0.0,0.0,0.0,0.0,0.0,0.0,0.0,0.0,0.0,0.0,0.0,0.0,0.0,0.0,0.0,0.0,64.66666666666667,12556.0,0.0,0,1,0.0,0.0,0,0.0,0.0,0.0,0.0,0.0,0.0,0.0,0.0,0.0,0.0,0.0,0.0,0.0,0.0,0.0,0.0,0.0,0.0,0.0,0.0,0.0,0.0,0.0,0.0,0.0,0.0,0.0,0.0,0.0,Proprietary
0.0,192.168.3.58,4084,74.125.204.138,443,6,2017-04-24 20:03:51,9001117.0,3,0,194.0,0.0,0.0,0.0,0.0,0.0,0.0,0.0,0.0,0.0,0.3332919680968484,21.552880603596197,3000372.3333333335,45007393017229.0,0.0,0.0,0.0,0.0,0.0,0.0,0.0,0.0,0.0,0.0,0.0,0.0,0.0,0.0,0.0,0.0,0.0,0.0,0.0,0.0,0.0,0.0,64.66666666666667,12556.0,0.0,0,1,0.0,0.0,0,0.0,0.0,0.0,0.0,0.0,0.0,0.0,0.0,0.0,0.0,0.0,0.0,0.0,0.0,0.0,0.0,0.0,0.0,0.0,0.0,0.0,0.0,0.0,0.0,0.0,0.0,0.0,0.0,0.0,Proprietary
0.0,192.168.3.58,4085,74.125.204.138,443,6,2017-04-24 20:03:51,9001048.0,3,0,194.0,0.0,0.0,0.0,0.0,0.0,0.0,0.0,0.0,0.0,0.3332945230377618,21.553045823108597,3000349.3333333335,45011310745090.0,0.0,0.0,0.0,0.0,0.0,0.0,0.0,0.0,0.0,0.0,0.0,0.0,0.0,0.0,0.0,0.0,0.0,0.0,0.0,0.0,0.0,0.0,64.66666666666667,12556.0,0.0,0,1,0.0,0.0,0,0.0,0.0,0.0,0.0,0.0,0.0,0.0,0.0,0.0,0.0,0.0,0.0,0.0,0.0,0.0,0.0,0.0,0.0,0.0,0.0,0.0,0.0,0.0,0.0,0.0,0.0,0.0,0.0,0.0,Proprietary
0.0,192.168.3.58,3931,111.221.29.82,443,6,2017-04-24 20:03:55,61827.0,2,1,225.0,187.0,0.0,0.0,0.0,0.0,0.0,0.0,0.0,0.0,48.522490174195745,6663.755317256215,20609.0,2652452465.0,0.0,0.0,0.0,0.0,0.0,0.0,0.0,0.0,0.0,0.0,0.0,0.0,0.0,0.0,0.0,0.0,0.0,0.0,0.0,0.0,0.0,0.0,137.33333333333334,67126.0,0.0,0,0,0.0,0.0,1,0.0,0.0,0.0,0.0,0.0,0.0,0.0,0.0,0.0,0.0,0.0,0.0,0.0,0.0,0.0,0.0,0.0,0.0,0.0,0.0,0.0,0.0,0.0,0.0,0.0,0.0,0.0,0.0,0.0,Proprietary
0.0,192.168.3.58,4086,74.125.204.100,443,6,2017-04-24 20:04:01,9002118.0,3,0,194.0,0.0,0.0,0.0,0.0,0.0,0.0,0.0,0.0,0.0,0.3332549073451381,21.55048400831893,3000706.0,45022694975012.0,0.0,0.0,0.0,0.0,0.0,0.0,0.0,0.0,0.0,0.0,0.0,0.0,0.0,0.0,0.0,0.0,0.0,0.0,0.0,0.0,0.0,0.0,64.66666666666667,12556.0,0.0,0,1,0.0,0.0,0,0.0,0.0,0.0,0.0,0.0,0.0,0.0,0.0,0.0,0.0,0.0,0.0,0.0,0.0,0.0,0.0,0.0,0.0,0.0,0.0,0.0,0.0,0.0,0.0,0.0,0.0,0.0,0.0,0.0,Proprietary
0.0,192.168.3.58,4087,74.125.204.100,443,6,2017-04-24 20:04:01,9001262.0,3,0,194.0,0.0,0.0,0.0,0.0,0.0,0.0,0.0,0.0,0.0,0.33328659914576425,21.552533411426086,3000420.6666666665,45012708897572.0,0.0,0.0,0.0,0.0,0.0,0.0,0.0,0.0,0.0,0.0,0.0,0.0,0.0,0.0,0.0,0.0,0.0,0.0,0.0,0.0,0.0,0.0,64.66666666666667,12556.0,0.0,0,1,0.0,0.0,0,0.0,0.0,0.0,0.0,0.0,0.0,0.0,0.0,0.0,0.0,0.0,0.0,0.0,0.0,0.0,0.0,0.0,0.0,0.0,0.0,0.0,0.0,0.0,0.0,0.0,0.0,0.0,0.0,0.0,Proprietary
0.0,192.168.3.58,4088,74.125.204.138,443,6,2017-04-24 20:04:22,9000937.0,3,0,194.0,0.0,0.0,0.0,0.0,0.0,0.0,0.0,0.0,0.0,0.33329863324229464,21.553311616335055,3000312.3333333335,45007524484889.0,0.0,0.0,0.0,0.0,0.0,0.0,0.0,0.0,0.0,0.0,0.0,0.0,0.0,0.0,0.0,0.0,0.0,0.0,0.0,0.0,0.0,0.0,64.66666666666667,12556.0,0.0,0,1,0.0,0.0,0,0.0,0.0,0.0,0.0,0.0,0.0,0.0,0.0,0.0,0.0,0.0,0.0,0.0,0.0,0.0,0.0,0.0,0.0,0.0,0.0,0.0,0.0,0.0,0.0,0.0,0.0,0.0,0.0,0.0,Proprietary
0.0,192.168.3.58,4089,74.125.204.138,443,6,2017-04-24 20:04:22,9002094.0,3,0,194.0,0.0,0.0,0.0,0.0,0.0,0.0,0.0,0.0,0.0,0.33325579581817294,21.55054146290852,3000698.0,45019154197620.0,0.0,0.0,0.0,0.0,0.0,0.0,0.0,0.0,0.0,0.0,0.0,0.0,0.0,0.0,0.0,0.0,0.0,0.0,0.0,0.0,0.0,0.0,64.66666666666667,12556.0,0.0,0,1,0.0,0.0,0,0.0,0.0,0.0,0.0,0.0,0.0,0.0,0.0,0.0,0.0,0.0,0.0,0.0,0.0,0.0,0.0,0.0,0.0,0.0,0.0,0.0,0.0,0.0,0.0,0.0,0.0,0.0,0.0,0.0,Proprietary
0.0,192.168.3.58,65278,202.96.134.33,53,17,2017-04-24 20:04:39,6842.0,1,1,76.0,92.0,0.0,0.0,0.0,0.0,0.0,0.0,0.0,0.0,292.3121894182987,24554.223911137095,3421.0,46812964.0,0.0,0.0,0.0,0.0,0.0,0.0,0.0,0.0,0.0,0.0,0.0,0.0,0.0,0.0,0.0,0.0,0.0,0.0,0.0,0.0,0.0,0.0,84.0,14240.0,0.0,0,0,0.0,0.0,0,0.0,0.0,0.0,0.0,0.0,0.0,0.0,0.0,0.0,0.0,0.0,0.0,0.0,0.0,0.0,0.0,0.0,0.0,0.0,0.0,0.0,0.0,0.0,0.0,0.0,0.0,0.0,0.0,0.0,Proprietary
0.0,192.168.3.58,55920,202.96.134.33,53,17,2017-04-24 20:04:41,7562.0,1,1,79.0,227.0,0.0,0.0,0.0,0.0,0.0,0.0,0.0,0.0,264.48029621793177,40465.485321343556,3781.0,57183844.0,0.0,0.0,0.0,0.0,0.0,0.0,0.0,0.0,0.0,0.0,0.0,0.0,0.0,0.0,0.0,0.0,0.0,0.0,0.0,0.0,0.0,0.0,153.0,57770.0,0.0,0,0,0.0,0.0,0,0.0,0.0,0.0,0.0,0.0,0.0,0.0,0.0,0.0,0.0,0.0,0.0,0.0,0.0,0.0,0.0,0.0,0.0,0.0,0.0,0.0,0.0,0.0,0.0,0.0,0.0,0.0,0.0,0.0,Proprietary
0.0,192.168.3.58,4090,74.125.204.101,443,6,2017-04-24 20:04:42,9000860.0,3,0,194.0,0.0,0.0,0.0,0.0,0.0,0.0,0.0,0.0,0.0,0.33330148452481206,21.55349599927118,3000286.6666666665,45011076988072.0,0.0,0.0,0.0,0.0,0.0,0.0,0.0,0.0,0.0,0.0,0.0,0.0,0.0,0.0,0.0,0.0,0.0,0.0,0.0,0.0,0.0,0.0,64.66666666666667,12556.0,0.0,0,1,0.0,0.0,0,0.0,0.0,0.0,0.0,0.0,0.0,0.0,0.0,0.0,0.0,0.0,0.0,0.0,0.0,0.0,0.0,0.0,0.0,0.0,0.0,0.0,0.0,0.0,0.0,0.0,0.0,0.0,0.0,0.0,Proprietary
0.0,192.168.3.58,4091,74.125.204.101,443,6,2017-04-24 20:04:42,9001777.0,3,0,194.0,0.0,0.0,0.0,0.0,0.0,0.0,0.0,0.0,0.0,0.3332675315107228,21.55130037102674,3000592.3333333335,45016801615045.0,0.0,0.0,0.0,0.0,0.0,0.0,0.0,0.0,0.0,0.0,0.0,0.0,0.0,0.0,0.0,0.0,0.0,0.0,0.0,0.0,0.0,0.0,64.66666666666667,12556.0,0.0,0,1,0.0,0.0,0,0.0,0.0,0.0,0.0,0.0,0.0,0.0,0.0,0.0,0.0,0.0,0.0,0.0,0.0,0.0,0.0,0.0,0.0,0.0,0.0,0.0,0.0,0.0,0.0,0.0,0.0,0.0,0.0,0.0,Proprietary
0.0,192.168.3.58,4092,74.125.204.101,443,6,2017-04-24 20:04:42,9002334.0,3,0,194.0,0.0,0.0,0.0,0.0,0.0,0.0,0.0,0.0,0.0,0.3332469113010026,21.54996693079817,3000778.0,45020102769380.0,0.0,0.0,0.0,0.0,0.0,0.0,0.0,0.0,0.0,0.0,0.0,0.0,0.0,0.0,0.0,0.0,0.0,0.0,0.0,0.0,0.0,0.0,64.66666666666667,12556.0,0.0,0,1,0.0,0.0,0,0.0,0.0,0.0,0.0,0.0,0.0,0.0,0.0,0.0,0.0,0.0,0.0,0.0,0.0,0.0,0.0,0.0,0.0,0.0,0.0,0.0,0.0,0.0,0.0,0.0,0.0,0.0,0.0,0.0,Proprietary
0.0,192.168.3.58,4093,74.125.204.101,443,6,2017-04-24 20:04:42,8999963.0,3,0,194.0,0.0,0.0,0.0,0.0,0.0,0.0,0.0,0.0,0.0,0.3333347037093375,21.555644173203824,2999987.6666666665,45000978096169.0,0.0,0.0,0.0,0.0,0.0,0.0,0.0,0.0,0.0,0.0,0.0,0.0,0.0,0.0,0.0,0.0,0.0,0.0,0.0,0.0,0.0,0.0,64.66666666666667,12556.0,0.0,0,1,0.0,0.0,0,0.0,0.0,0.0,0.0,0.0,0.0,0.0,0.0,0.0,0.0,0.0,0.0,0.0,0.0,0.0,0.0,0.0,0.0,0.0,0.0,0.0,0.0,0.0,0.0,0.0,0.0,0.0,0.0,0.0,Proprietary
0.0,192.168.3.58,4094,74.125.204.102,443,6,2017-04-24 20:04:43,9001304.0,3,0,194.0,0.0,0.0,0.0,0.0,0.0,0.0,0.0,0.0,0.0,0.33328504403362,21.55243284750743,3000434.6666666665,45012288867136.0,0.0,0.0,0.0,0.0,0.0,0.0,0.0,0.0,0.0,0.0,0.0,0.0,0.0,0.0,0.0,0.0,0.0,0.0,0.0,0.0,0.0,0.0,64.66666666666667,12556.0,0.0,0,1,0.0,0.0,0,0.0,0.0,0.0,0.0,0.0,0.0,0.0,0.0,0.0,0.0,0.0,0.0,0.0,0.0,0.0,0.0,0.0,0.0,0.0,0.0,0.0,0.0,0.0,0.0,0.0,0.0,0.0,0.0,0.0,Proprietary
0.0,192.168.3.58,4095,74.125.204.102,443,6,2017-04-24 20:04:43,9001290.0,3,0,194.0,0.0,0.0,0.0,0.0,0.0,0.0,0.0,0.0,0.0,0.3332855624027223,21.552466368709375,3000430.0,45011076847892.0,0.0,0.0,0.0,0.0,0.0,0.0,0.0,0.0,0.0,0.0,0.0,0.0,0.0,0.0,0.0,0.0,0.0,0.0,0.0,0.0,0.0,0.0,64.66666666666667,12556.0,0.0,0,1,0.0,0.0,0,0.0,0.0,0.0,0.0,0.0,0.0,0.0,0.0,0.0,0.0,0.0,0.0,0.0,0.0,0.0,0.0,0.0,0.0,0.0,0.0,0.0,0.0,0.0,0.0,0.0,0.0,0.0,0.0,0.0,Proprietary
0.0,192.168.3.58,4096,74.125.204.139,443,6,2017-04-24 20:05:03,9001886.0,3,0,194.0,0.0,0.0,0.0,0.0,0.0,0.0,0.0,0.0,0.0,0.33326349611625833,21.551039415518037,3000628.6666666665,45016261806820.0,0.0,0.0,0.0,0.0,0.0,0.0,0.0,0.0,0.0,0.0,0.0,0.0,0.0,0.0,0.0,0.0,0.0,0.0,0.0,0.0,0.0,0.0,64.66666666666667,12556.0,0.0,0,1,0.0,0.0,0,0.0,0.0,0.0,0.0,0.0,0.0,0.0,0.0,0.0,0.0,0.0,0.0,0.0,0.0,0.0,0.0,0.0,0.0,0.0,0.0,0.0,0.0,0.0,0.0,0.0,0.0,0.0,0.0,0.0,Proprietary
0.0,192.168.3.58,4097,74.125.204.139,443,6,2017-04-24 20:05:03,9001904.0,3,0,194.0,0.0,0.0,0.0,0.0,0.0,0.0,0.0,0.0,0.0,0.33326282973024374,21.55099632255576,3000634.6666666665,45016297851808.0,0.0,0.0,0.0,0.0,0.0,0.0,0.0,0.0,0.0,0.0,0.0,0.0,0.0,0.0,0.0,0.0,0.0,0.0,0.0,0.0,0.0,0.0,64.66666666666667,12556.0,0.0,0,1,0.0,0.0,0,0.0,0.0,0.0,0.0,0.0,0.0,0.0,0.0,0.0,0.0,0.0,0.0,0.0,0.0,0.0,0.0,0.0,0.0,0.0,0.0,0.0,0.0,0.0,0.0,0.0,0.0,0.0,0.0,0.0,Proprietary
0.0,192.168.3.58,4098,74.125.204.139,443,6,2017-04-24 20:05:03,9000949.0,3,0,194.0,0.0,0.0,0.0,0.0,0.0,0.0,0.0,0.0,0.0,0.3332981888909714,21.553282881616152,3000316.3333333335,45010758723361.0,0.0,0.0,0.0,0.0,0.0,0.0,0.0,0.0,0.0,0.0,0.0,0.0,0.0,0.0,0.0,0.0,0.0,0.0,0.0,0.0,0.0,0.0,64.66666666666667,12556.0,0.0,0,1,0.0,0.0,0,0.0,0.0,0.0,0.0,0.0,0.0,0.0,0.0,0.0,0.0,0.0,0.0,0.0,0.0,0.0,0.0,0.0,0.0,0.0,0.0,0.0,0.0,0.0,0.0,0.0,0.0,0.0,0.0,0.0,Proprietary
0.0,192.168.3.58,4099,74.125.204.139,443,6,2017-04-24 20:05:03,9001085.0,3,0,194.0,0.0,0.0,0.0,0.0,0.0,0.0,0.0,0.0,0.0,0.33329315299211154,21.55295722682321,3000361.6666666665,45005773474393.0,0.0,0.0,0.0,0.0,0.0,0.0,0.0,0.0,0.0,0.0,0.0,0.0,0.0,0.0,0.0,0.0,0.0,0.0,0.0,0.0,0.0,0.0,64.66666666666667,12556.0,0.0,0,1,0.0,0.0,0,0.0,0.0,0.0,0.0,0.0,0.0,0.0,0.0,0.0,0.0,0.0,0.0,0.0,0.0,0.0,0.0,0.0,0.0,0.0,0.0,0.0,0.0,0.0,0.0,0.0,0.0,0.0,0.0,0.0,Proprietary
0.0,192.168.3.58,4100,74.125.204.138,443,6,2017-04-24 20:05:24,3001103.0,2,0,132.0,0.0,0.0,0.0,0.0,0.0,0.0,0.0,0.0,0.0,0.6664216456416191,43.983828612346855,1500551.5,9006619216609.0,0.0,0.0,0.0,0.0,0.0,0.0,0.0,0.0,0.0,0.0,0.0,0.0,0.0,0.0,0.0,0.0,0.0,0.0,0.0,0.0,0.0,0.0,66.0,8712.0,0.0,0,1,0.0,0.0,0,0.0,0.0,0.0,0.0,0.0,0.0,0.0,0.0,0.0,0.0,0.0,0.0,0.0,0.0,0.0,0.0,0.0,0.0,0.0,0.0,0.0,0.0,0.0,0.0,0.0,0.0,0.0,0.0,0.0,Proprietary
0.0,192.168.3.58,4101,74.125.204.138,443,6,2017-04-24 20:05:24,3000043.0,2,0,132.0,0.0,0.0,0.0,0.0,0.0,0.0,0.0,0.0,0.0,0.6666571112480721,43.99936934237276,1500021.5,9000258001849.0,0.0,0.0,0.0,0.0,0.0,0.0,0.0,0.0,0.0,0.0,0.0,0.0,0.0,0.0,0.0,0.0,0.0,0.0,0.0,0.0,0.0,0.0,66.0,8712.0,0.0,0,1,0.0,0.0,0,0.0,0.0,0.0,0.0,0.0,0.0,0.0,0.0,0.0,0.0,0.0,0.0,0.0,0.0,0.0,0.0,0.0,0.0,0.0,0.0,0.0,0.0,0.0,0.0,0.0,0.0,0.0,0.0,0.0,Proprietary
0.0,192.168.3.58,4102,74.125.204.138,443,6,2017-04-24 20:05:24,3001227.0,2,0,132.0,0.0,0.0,0.0,0.0,0.0,0.0,0.0,0.0,0.0,0.6663941114750733,43.98201135735484,1500613.5,9007363505529.0,0.0,0.0,0.0,0.0,0.0,0.0,0.0,0.0,0.0,0.0,0.0,0.0,0.0,0.0,0.0,0.0,0.0,0.0,0.0,0.0,0.0,0.0,66.0,8712.0,0.0,0,1,0.0,0.0,0,0.0,0.0,0.0,0.0,0.0,0.0,0.0,0.0,0.0,0.0,0.0,0.0,0.0,0.0,0.0,0.0,0.0,0.0,0.0,0.0,0.0,0.0,0.0,0.0,0.0,0.0,0.0,0.0,0.0,Proprietary
0.0,192.168.3.58,4103,74.125.204.138,443,6,2017-04-24 20:05:24,3000099.0,2,0,132.0,0.0,0.0,0.0,0.0,0.0,0.0,0.0,0.0,0.0,0.6666446673926427,43.99854804791442,1500049.5,9000594009801.0,0.0,0.0,0.0,0.0,0.0,0.0,0.0,0.0,0.0,0.0,0.0,0.0,0.0,0.0,0.0,0.0,0.0,0.0,0.0,0.0,0.0,0.0,66.0,8712.0,0.0,0,1,0.0,0.0,0,0.0,0.0,0.0,0.0,0.0,0.0,0.0,0.0,0.0,0.0,0.0,0.0,0.0,0.0,0.0,0.0,0.0,0.0,0.0,0.0,0.0,0.0,0.0,0.0,0.0,0.0,0.0,0.0,0.0,Proprietary
0.0,192.168.3.58,4047,74.125.204.138,443,6,2017-04-24 20:01:17,6000306.0,2,0,128.0,0.0,0.0,0.0,0.0,0.0,0.0,0.0,0.0,0.0,0.3333163342002891,21.332245388818503,3000153.0,36003672093636.0,0.0,0.0,0.0,0.0,0.0,0.0,0.0,0.0,0.0,0.0,0.0,0.0,0.0,0.0,0.0,0.0,0.0,0.0,0.0,0.0,0.0,0.0,64.0,8200.0,0.0,0,1,0.0,0.0,0,0.0,0.0,0.0,0.0,0.0,0.0,0.0,0.0,0.0,0.0,0.0,0.0,0.0,0.0,0.0,0.0,0.0,0.0,0.0,0.0,0.0,0.0,0.0,0.0,0.0,0.0,0.0,0.0,0.0,Proprietary
0.0,192.168.3.58,4048,74.125.204.138,443,6,2017-04-24 20:01:17,6001410.0,2,0,128.0,0.0,0.0,0.0,0.0,0.0,0.0,0.0,0.0,0.0,0.3332550184040084,21.328321177856537,3000705.0,36016921988100.0,0.0,0.0,0.0,0.0,0.0,0.0,0.0,0.0,0.0,0.0,0.0,0.0,0.0,0.0,0.0,0.0,0.0,0.0,0.0,0.0,0.0,0.0,64.0,8200.0,0.0,0,1,0.0,0.0,0,0.0,0.0,0.0,0.0,0.0,0.0,0.0,0.0,0.0,0.0,0.0,0.0,0.0,0.0,0.0,0.0,0.0,0.0,0.0,0.0,0.0,0.0,0.0,0.0,0.0,0.0,0.0,0.0,0.0,Proprietary
0.0,192.168.3.58,4049,74.125.204.138,443,6,2017-04-24 20:01:17,6000344.0,2,0,128.0,0.0,0.0,0.0,0.0,0.0,0.0,0.0,0.0,0.0,0.33331422331786315,21.33211029234324,3000172.0,36004128118336.0,0.0,0.0,0.0,0.0,0.0,0.0,0.0,0.0,0.0,0.0,0.0,0.0,0.0,0.0,0.0,0.0,0.0,0.0,0.0,0.0,0.0,0.0,64.0,8200.0,0.0,0,1,0.0,0.0,0,0.0,0.0,0.0,0.0,0.0,0.0,0.0,0.0,0.0,0.0,0.0,0.0,0.0,0.0,0.0,0.0,0.0,0.0,0.0,0.0,0.0,0.0,0.0,0.0,0.0,0.0,0.0,0.0,0.0,Proprietary
0.0,192.168.3.58,4050,74.125.204.138,443,6,2017-04-24 20:01:18,5999329.0,2,0,128.0,0.0,0.0,0.0,0.0,0.0,0.0,0.0,0.0,0.0,0.3333706152804755,21.335719377950433,2999664.5,35991948450241.0,0.0,0.0,0.0,0.0,0.0,0.0,0.0,0.0,0.0,0.0,0.0,0.0,0.0,0.0,0.0,0.0,0.0,0.0,0.0,0.0,0.0,0.0,64.0,8200.0,0.0,0,1,0.0,0.0,0,0.0,0.0,0.0,0.0,0.0,0.0,0.0,0.0,0.0,0.0,0.0,0.0,0.0,0.0,0.0,0.0,0.0,0.0,0.0,0.0,0.0,0.0,0.0,0.0,0.0,0.0,0.0,0.0,0.0,Proprietary
0.0,106.75.177.189,4500,192.168.3.80,4500,17,2017-04-24 20:01:18,243643060408.0,8244,9300,4228466.0,2540908.0,0.0,0.0,0.0,0.0,0.0,0.0,0.0,0.0,0.07200697598618713,27.78398033854991,13887543.342909256,-1.5623878242741048e+18,0.0,0.0,0.0,0.0,0.0,0.0,0.0,0.0,0.0,0.0,0.0,0.0,0.0,0.0,0.0,0.0,0.0,0.0,0.0,0.0,0.0,0.0,385.8512311901505,5681856956.0,0.0,0,0,0.0,0.0,0,0.0,0.0,0.0,0.0,0.0,0.0,0.0,0.0,0.0,0.0,0.0,0.0,0.0,0.0,0.0,0.0,0.0,0.0,0.0,0.0,0.0,0.0,0.0,0.0,0.0,0.0,0.0,0.0,0.0,Proprietary
0.0,192.168.3.80,0,0.0.0.0,0,0,2017-04-24 20:01:22,243627725773.0,0,189,0.0,11340.0,0.0,0.0,0.0,0.0,0.0,0.0,0.0,0.0,0.0007757737728755087,0.046546426372530515,1289035586.1005292,5.918535602967126e+18,0.0,0.0,0.0,0.0,0.0,0.0,0.0,0.0,0.0,0.0,0.0,0.0,0.0,0.0,0.0,0.0,0.0,0.0,0.0,0.0,0.0,0.0,60.0,680400.0,0.0,0,0,0.0,0.0,0,0.0,0.0,0.0,0.0,0.0,0.0,0.0,0.0,0.0,0.0,0.0,0.0,0.0,0.0,0.0,0.0,0.0,0.0,0.0,0.0,0.0,0.0,0.0,0.0,0.0,0.0,0.0,0.0,0.0,Proprietary
0.0,192.168.3.1,0,192.168.3.58,0,0,2017-04-24 20:01:22,243603521104.0,31,35,1860.0,1542.0,0.0,0.0,0.0,0.0,0.0,0.0,0.0,0.0,0.00027093204441746584,0.013965315380427556,3690962440.969697,8.297884718941662e+18,0.0,0.0,0.0,0.0,0.0,0.0,0.0,0.0,0.0,0.0,0.0,0.0,0.0,0.0,0.0,0.0,0.0,0.0,0.0,0.0,0.0,0.0,51.54545454545455,180684.0,0.0,0,0,0.0,0.0,0,0.0,0.0,0.0,0.0,0.0,0.0,0.0,0.0,0.0,0.0,0.0,0.0,0.0,0.0,0.0,0.0,0.0,0.0,0.0,0.0,0.0,0.0,0.0,0.0,0.0,0.0,0.0,0.0,0.0,Proprietary
0.0,192.168.3.58,4035,111.221.29.254,443,6,2017-04-24 20:01:22,7164.0,2,1,108.0,60.0,0.0,0.0,0.0,0.0,0.0,0.0,0.0,0.0,418.7604690117253,23450.586264656617,2388.0,50866448.0,0.0,0.0,0.0,0.0,0.0,0.0,0.0,0.0,0.0,0.0,0.0,0.0,0.0,0.0,0.0,0.0,0.0,0.0,0.0,0.0,0.0,0.0,56.0,9432.0,0.0,0,0,0.0,0.0,1,0.0,0.0,0.0,0.0,0.0,0.0,0.0,0.0,0.0,0.0,0.0,0.0,0.0,0.0,0.0,0.0,0.0,0.0,0.0,0.0,0.0,0.0,0.0,0.0,0.0,0.0,0.0,0.0,0.0,Proprietary
0.0,192.168.3.58,4034,111.221.29.253,443,6,2017-04-24 20:01:22,10910.0,2,1,108.0,60.0,0.0,0.0,0.0,0.0,0.0,0.0,0.0,0.0,274.9770852428964,15398.7167736022,3636.6666666666665,118331908.0,0.0,0.0,0.0,0.0,0.0,0.0,0.0,0.0,0.0,0.0,0.0,0.0,0.0,0.0,0.0,0.0,0.0,0.0,0.0,0.0,0.0,0.0,56.0,9432.0,0.0,0,0,0.0,0.0,1,0.0,0.0,0.0,0.0,0.0,0.0,0.0,0.0,0.0,0.0,0.0,0.0,0.0,0.0,0.0,0.0,0.0,0.0,0.0,0.0,0.0,0.0,0.0,0.0,0.0,0.0,0.0,0.0,0.0,Proprietary
0.0,0.0.0.0,0,0.0.0.0,0,0,2017-04-24 20:01:27,243617880804.0,32,0,11777.0,0.0,0.0,0.0,0.0,0.0,0.0,0.0,0.0,0.0,0.00013135324835103233,0.04834210018219086,7613058775.125,-6.892911312709069e+18,0.0,0.0,0.0,0.0,0.0,0.0,0.0,0.0,0.0,0.0,0.0,0.0,0.0,0.0,0.0,0.0,0.0,0.0,0.0,0.0,0.0,0.0,368.03125,4429013.0,0.0,0,0,0.0,0.0,0,0.0,0.0,0.0,0.0,0.0,0.0,0.0,0.0,0.0,0.0,0.0,0.0,0.0,0.0,0.0,0.0,0.0,0.0,0.0,0.0,0.0,0.0,0.0,0.0,0.0,0.0,0.0,0.0,0.0,Proprietary
0.0,192.168.3.58,4023,114.112.68.216,80,6,2017-04-24 20:01:34,42653.0,2,1,108.0,60.0,0.0,0.0,0.0,0.0,0.0,0.0,0.0,0.0,70.33502918903712,3938.761634586078,14217.666666666666,1816721029.0,0.0,0.0,0.0,0.0,0.0,0.0,0.0,0.0,0.0,0.0,0.0,0.0,0.0,0.0,0.0,0.0,0.0,0.0,0.0,0.0,0.0,0.0,56.0,9432.0,0.0,0,0,0.0,0.0,1,0.0,0.0,0.0,0.0,0.0,0.0,0.0,0.0,0.0,0.0,0.0,0.0,0.0,0.0,0.0,0.0,0.0,0.0,0.0,0.0,0.0,0.0,0.0,0.0,0.0,0.0,0.0,0.0,0.0,Proprietary
0.0,0.0.0.0,0,0.0.0.0,0,0,2017-04-24 20:01:51,243601899837.0,16,0,2656.0,0.0,0.0,0.0,0.0,0.0,0.0,0.0,0.0,0.0,6.568093274603355e-05,0.01090303483584157,15225118739.8125,-3.951901431488993e+18,0.0,0.0,0.0,0.0,0.0,0.0,0.0,0.0,0.0,0.0,0.0,0.0,0.0,0.0,0.0,0.0,0.0,0.0,0.0,0.0,0.0,0.0,166.0,440896.0,0.0,0,0,0.0,0.0,0,0.0,0.0,0.0,0.0,0.0,0.0,0.0,0.0,0.0,0.0,0.0,0.0,0.0,0.0,0.0,0.0,0.0,0.0,0.0,0.0,0.0,0.0,0.0,0.0,0.0,0.0,0.0,0.0,0.0,Proprietary
0.0,192.168.3.1,0,192.168.3.80,0,0,2017-04-24 20:01:53,243581578543.0,26,26,1560.0,1560.0,0.0,0.0,0.0,0.0,0.0,0.0,0.0,0.0,0.0002134808400168912,0.01280885040101347,4684261125.826923,5.787643290689681e+18,0.0,0.0,0.0,0.0,0.0,0.0,0.0,0.0,0.0,0.0,0.0,0.0,0.0,0.0,0.0,0.0,0.0,0.0,0.0,0.0,0.0,0.0,60.0,187200.0,0.0,0,0,0.0,0.0,0,0.0,0.0,0.0,0.0,0.0,0.0,0.0,0.0,0.0,0.0,0.0,0.0,0.0,0.0,0.0,0.0,0.0,0.0,0.0,0.0,0.0,0.0,0.0,0.0,0.0,0.0,0.0,0.0,0.0,Proprietary
0.0,192.168.3.58,4054,74.125.204.139,443,6,2017-04-24 20:02:05,9001057.0,3,0,194.0,0.0,0.0,0.0,0.0,0.0,0.0,0.0,0.0,0.0,0.3332941897823778,21.553024272593763,3000352.3333333335,45008370631205.0,0.0,0.0,0.0,0.0,0.0,0.0,0.0,0.0,0.0,0.0,0.0,0.0,0.0,0.0,0.0,0.0,0.0,0.0,0.0,0.0,0.0,0.0,64.66666666666667,12556.0,0.0,0,1,0.0,0.0,0,0.0,0.0,0.0,0.0,0.0,0.0,0.0,0.0,0.0,0.0,0.0,0.0,0.0,0.0,0.0,0.0,0.0,0.0,0.0,0.0,0.0,0.0,0.0,0.0,0.0,0.0,0.0,0.0,0.0,Proprietary
0.0,192.168.3.58,4055,74.125.204.139,443,6,2017-04-24 20:02:05,9000864.0,3,0,194.0,0.0,0.0,0.0,0.0,0.0,0.0,0.0,0.0,0.0,0.33330133640503845,21.55348642085915,3000288.0,45006552456480.0,0.0,0.0,0.0,0.0,0.0,0.0,0.0,0.0,0.0,0.0,0.0,0.0,0.0,0.0,0.0,0.0,0.0,0.0,0.0,0.0,0.0,0.0,64.66666666666667,12556.0,0.0,0,1,0.0,0.0,0,0.0,0.0,0.0,0.0,0.0,0.0,0.0,0.0,0.0,0.0,0.0,0.0,0.0,0.0,0.0,0.0,0.0,0.0,0.0,0.0,0.0,0.0,0.0,0.0,0.0,0.0,0.0,0.0,0.0,Proprietary
0.0,192.168.3.58,4056,74.125.204.139,443,6,2017-04-24 20:02:05,9000684.0,3,0,194.0,0.0,0.0,0.0,0.0,0.0,0.0,0.0,0.0,0.0,0.333308001925187,21.553917457828764,3000228.0,45006210234090.0,0.0,0.0,0.0,0.0,0.0,0.0,0.0,0.0,0.0,0.0,0.0,0.0,0.0,0.0,0.0,0.0,0.0,0.0,0.0,0.0,0.0,0.0,64.66666666666667,12556.0,0.0,0,1,0.0,0.0,0,0.0,0.0,0.0,0.0,0.0,0.0,0.0,0.0,0.0,0.0,0.0,0.0,0.0,0.0,0.0,0.0,0.0,0.0,0.0,0.0,0.0,0.0,0.0,0.0,0.0,0.0,0.0,0.0,0.0,Proprietary
0.0,192.168.3.58,4057,74.125.204.139,443,6,2017-04-24 20:02:06,9001894.0,3,0,194.0,0.0,0.0,0.0,0.0,0.0,0.0,0.0,0.0,0.0,0.33326319994436726,21.551020263069084,3000631.3333333335,45017335798226.0,0.0,0.0,0.0,0.0,0.0,0.0,0.0,0.0,0.0,0.0,0.0,0.0,0.0,0.0,0.0,0.0,0.0,0.0,0.0,0.0,0.0,0.0,64.66666666666667,12556.0,0.0,0,1,0.0,0.0,0,0.0,0.0,0.0,0.0,0.0,0.0,0.0,0.0,0.0,0.0,0.0,0.0,0.0,0.0,0.0,0.0,0.0,0.0,0.0,0.0,0.0,0.0,0.0,0.0,0.0,0.0,0.0,0.0,0.0,Proprietary
0.0,192.168.3.58,4033,168.63.156.206,443,6,2017-04-24 20:02:10,11382.0,2,1,108.0,60.0,0.0,0.0,0.0,0.0,0.0,0.0,0.0,0.0,263.5740643120717,14760.147601476014,3794.0,128846162.0,0.0,0.0,0.0,0.0,0.0,0.0,0.0,0.0,0.0,0.0,0.0,0.0,0.0,0.0,0.0,0.0,0.0,0.0,0.0,0.0,0.0,0.0,56.0,9432.0,0.0,0,0,0.0,0.0,1,0.0,0.0,0.0,0.0,0.0,0.0,0.0,0.0,0.0,0.0,0.0,0.0,0.0,0.0,0.0,0.0,0.0,0.0,0.0,0.0,0.0,0.0,0.0,0.0,0.0,0.0,0.0,0.0,0.0,Proprietary
0.0,192.168.3.58,4032,23.211.98.45,80,6,2017-04-24 20:02:10,676645.0,2,1,108.0,60.0,0.0,0.0,0.0,0.0,0.0,0.0,0.0,0.0,4.433639500772192,248.2838120432428,225548.33333333334,457809212297.0,0.0,0.0,0.0,0.0,0.0,0.0,0.0,0.0,0.0,0.0,0.0,0.0,0.0,0.0,0.0,0.0,0.0,0.0,0.0,0.0,0.0,0.0,56.0,9432.0,0.0,0,0,0.0,0.0,1,0.0,0.0,0.0,0.0,0.0,0.0,0.0,0.0,0.0,0.0,0.0,0.0,0.0,0.0,0.0,0.0,0.0,0.0,0.0,0.0,0.0,0.0,0.0,0.0,0.0,0.0,0.0,0.0,0.0,Proprietary
0.0,192.168.3.58,4058,74.125.204.113,443,6,2017-04-24 20:02:26,9001359.0,3,0,194.0,0.0,0.0,0.0,0.0,0.0,0.0,0.0,0.0,0.0,0.33328300759918583,21.552301158080684,3000453.0,45013314988601.0,0.0,0.0,0.0,0.0,0.0,0.0,0.0,0.0,0.0,0.0,0.0,0.0,0.0,0.0,0.0,0.0,0.0,0.0,0.0,0.0,0.0,0.0,64.66666666666667,12556.0,0.0,0,1,0.0,0.0,0,0.0,0.0,0.0,0.0,0.0,0.0,0.0,0.0,0.0,0.0,0.0,0.0,0.0,0.0,0.0,0.0,0.0,0.0,0.0,0.0,0.0,0.0,0.0,0.0,0.0,0.0,0.0,0.0,0.0,Proprietary
0.0,192.168.3.58,4059,74.125.204.113,443,6,2017-04-24 20:02:26,9001571.0,3,0,194.0,0.0,0.0,0.0,0.0,0.0,0.0,0.0,0.0,0.0,0.3332751583029229,21.551793570255683,3000523.6666666665,45014293235321.0,0.0,0.0,0.0,0.0,0.0,0.0,0.0,0.0,0.0,0.0,0.0,0.0,0.0,0.0,0.0,0.0,0.0,0.0,0.0,0.0,0.0,0.0,64.66666666666667,12556.0,0.0,0,1,0.0,0.0,0,0.0,0.0,0.0,0.0,0.0,0.0,0.0,0.0,0.0,0.0,0.0,0.0,0.0,0.0,0.0,0.0,0.0,0.0,0.0,0.0,0.0,0.0,0.0,0.0,0.0,0.0,0.0,0.0,0.0,Proprietary
0.0,192.168.3.58,4060,74.125.204.113,443,6,2017-04-24 20:02:26,9001472.0,3,0,194.0,0.0,0.0,0.0,0.0,0.0,0.0,0.0,0.0,0.0,0.33327882373016327,21.552030601217222,3000490.6666666665,45013753097504.0,0.0,0.0,0.0,0.0,0.0,0.0,0.0,0.0,0.0,0.0,0.0,0.0,0.0,0.0,0.0,0.0,0.0,0.0,0.0,0.0,0.0,0.0,64.66666666666667,12556.0,0.0,0,1,0.0,0.0,0,0.0,0.0,0.0,0.0,0.0,0.0,0.0,0.0,0.0,0.0,0.0,0.0,0.0,0.0,0.0,0.0,0.0,0.0,0.0,0.0,0.0,0.0,0.0,0.0,0.0,0.0,0.0,0.0,0.0,Proprietary
0.0,192.168.3.58,4061,74.125.204.113,443,6,2017-04-24 20:02:27,9001492.0,3,0,194.0,0.0,0.0,0.0,0.0,0.0,0.0,0.0,0.0,0.0,0.33327808323331287,21.55198271575423,3000497.3333333335,45008702354920.0,0.0,0.0,0.0,0.0,0.0,0.0,0.0,0.0,0.0,0.0,0.0,0.0,0.0,0.0,0.0,0.0,0.0,0.0,0.0,0.0,0.0,0.0,64.66666666666667,12556.0,0.0,0,1,0.0,0.0,0,0.0,0.0,0.0,0.0,0.0,0.0,0.0,0.0,0.0,0.0,0.0,0.0,0.0,0.0,0.0,0.0,0.0,0.0,0.0,0.0,0.0,0.0,0.0,0.0,0.0,0.0,0.0,0.0,0.0,Proprietary
0.0,192.168.3.58,53674,202.96.134.33,53,17,2017-04-24 20:02:46,6505.0,1,1,81.0,320.0,0.0,0.0,0.0,0.0,0.0,0.0,0.0,0.0,307.45580322828596,61644.88854727133,3252.5,42315025.0,0.0,0.0,0.0,0.0,0.0,0.0,0.0,0.0,0.0,0.0,0.0,0.0,0.0,0.0,0.0,0.0,0.0,0.0,0.0,0.0,0.0,0.0,200.5,108961.0,0.0,0,0,0.0,0.0,0,0.0,0.0,0.0,0.0,0.0,0.0,0.0,0.0,0.0,0.0,0.0,0.0,0.0,0.0,0.0,0.0,0.0,0.0,0.0,0.0,0.0,0.0,0.0,0.0,0.0,0.0,0.0,0.0,0.0,Proprietary
0.0,192.168.3.58,4062,121.14.117.131,80,6,2017-04-24 20:02:46,21266.0,5,4,352.0,567.0,0.0,0.0,0.0,0.0,0.0,0.0,0.0,0.0,423.21075895796105,43214.52083137402,2362.8888888888887,128792920.0,0.0,0.0,0.0,0.0,0.0,0.0,0.0,0.0,0.0,0.0,0.0,0.0,0.0,0.0,0.0,0.0,0.0,0.0,0.0,0.0,0.0,0.0,102.11111111111111,185197.0,0.0,0,0,0.0,0.0,1,0.0,0.0,0.0,0.0,0.0,0.0,0.0,0.0,0.0,0.0,0.0,0.0,0.0,0.0,0.0,0.0,0.0,0.0,0.0,0.0,0.0,0.0,0.0,0.0,0.0,0.0,0.0,0.0,0.0,Proprietary
0.0,192.168.3.58,4063,121.14.117.131,80,6,2017-04-24 20:02:46,21087.0,5,4,354.0,816.0,0.0,0.0,0.0,0.0,0.0,0.0,0.0,0.0,426.8032437046522,55484.42168160478,2343.0,123312675.0,0.0,0.0,0.0,0.0,0.0,0.0,0.0,0.0,0.0,0.0,0.0,0.0,0.0,0.0,0.0,0.0,0.0,0.0,0.0,0.0,0.0,0.0,130.0,437436.0,0.0,0,0,0.0,0.0,1,0.0,0.0,0.0,0.0,0.0,0.0,0.0,0.0,0.0,0.0,0.0,0.0,0.0,0.0,0.0,0.0,0.0,0.0,0.0,0.0,0.0,0.0,0.0,0.0,0.0,0.0,0.0,0.0,0.0,Proprietary
0.0,192.168.3.58,4064,74.125.204.100,443,6,2017-04-24 20:02:47,9002326.0,3,0,194.0,0.0,0.0,0.0,0.0,0.0,0.0,0.0,0.0,0.0,0.3332472074439428,21.54998608137497,3000775.3333333335,45020240732050.0,0.0,0.0,0.0,0.0,0.0,0.0,0.0,0.0,0.0,0.0,0.0,0.0,0.0,0.0,0.0,0.0,0.0,0.0,0.0,0.0,0.0,0.0,64.66666666666667,12556.0,0.0,0,1,0.0,0.0,0,0.0,0.0,0.0,0.0,0.0,0.0,0.0,0.0,0.0,0.0,0.0,0.0,0.0,0.0,0.0,0.0,0.0,0.0,0.0,0.0,0.0,0.0,0.0,0.0,0.0,0.0,0.0,0.0,0.0,Proprietary
0.0,192.168.3.58,4065,74.125.204.100,443,6,2017-04-24 20:02:47,9000200.0,3,0,194.0,0.0,0.0,0.0,0.0,0.0,0.0,0.0,0.0,0.0,0.33332592609053135,21.55507655385436,3000066.6666666665,45001500025000.0,0.0,0.0,0.0,0.0,0.0,0.0,0.0,0.0,0.0,0.0,0.0,0.0,0.0,0.0,0.0,0.0,0.0,0.0,0.0,0.0,0.0,0.0,64.66666666666667,12556.0,0.0,0,1,0.0,0.0,0,0.0,0.0,0.0,0.0,0.0,0.0,0.0,0.0,0.0,0.0,0.0,0.0,0.0,0.0,0.0,0.0,0.0,0.0,0.0,0.0,0.0,0.0,0.0,0.0,0.0,0.0,0.0,0.0,0.0,Proprietary
